iter	Logloss
0	0.5474331284
1	0.5205151367
